{"cameraMode":{"drawMode":0,"name":"Shaded","section":"Shading Mode"},"sceneLighting":true,"audioPlay":false,"sceneViewState":{"showFog":true,"showMaterialUpdate":false,"showSkybox":true,"showFlares":true,"showImageEffects":true,"showParticleSystems":true},"in2DMode":false,"pivot":{"x":-0.20361685752868653,"y":-1.1988496780395508,"z":2.145587921142578},"rotation":{"x":-0.25031834840774538,"y":0.07600118219852448,"z":-0.01971500739455223,"w":-0.9649752974510193},"size":21.46095848083496,"orthographic":false}