{"cameraMode":{"drawMode":0,"name":"Shaded","section":"Shading Mode"},"sceneLighting":true,"audioPlay":false,"sceneViewState":{"showFog":true,"showMaterialUpdate":false,"showSkybox":true,"showFlares":true,"showImageEffects":true,"showParticleSystems":true},"in2DMode":false,"pivot":{"x":2.2290334701538088,"y":-0.5175528526306152,"z":9.799881935119629},"rotation":{"x":-0.14185182750225068,"y":0.08067680895328522,"z":-0.011600583791732788,"w":-0.986526608467102},"size":16.16759490966797,"orthographic":false}